Date,Code,Open,Close,Volume
2018-10-18,FB,158.51,154.92,21675100
2018-10-18,GOOGL,1130.0,1097.91,2307600
2018-10-18,NFLX,360.67,346.71,18461000
2018-10-19,FB,155.86,154.05,19761300
2018-10-19,GOOGL,1103.71,1105.18,2064300
2018-10-19,NFLX,351.0,332.67,16717200
2018-10-22,FB,154.76,154.78,15424700
2018-10-22,GOOGL,1112.51,1111.37,1355800
2018-10-22,NFLX,333.1,329.54,17097200
2018-10-23,FB,151.22,154.39,19095000
2018-10-23,GOOGL,1091.29,1114.91,1884300
2018-10-23,NFLX,318.0,333.16,14907300
2018-10-24,FB,154.28,146.04,27744600
2018-10-24,GOOGL,1115.0,1057.12,2464300
2018-10-24,NFLX,332.28,301.83,19039300
2018-10-25,FB,147.73,150.95,22105700
2018-10-25,GOOGL,1080.3,1103.59,3647800
2018-10-25,NFLX,307.12,312.87,13346900
2018-10-26,FB,145.82,145.37,31303300
2018-10-26,GOOGL,1048.33,1083.75,5321900
2018-10-26,NFLX,300.51,299.83,19616000
2018-10-29,FB,148.5,142.09,31336800
2018-10-29,GOOGL,1096.54,1034.73,4064500
2018-10-29,NFLX,305.26,284.84,21698800
2018-10-30,FB,139.94,146.22,50528300
2018-10-30,GOOGL,1020.01,1049.51,2988400
2018-10-30,NFLX,275.57,285.81,23685700
2018-10-31,FB,155.0,151.79,60101300
2018-10-31,GOOGL,1068.2,1090.58,3545800
2018-10-31,NFLX,297.77,301.78,20360300
2018-11-01,FB,151.52,151.75,25640800
2018-11-01,GOOGL,1091.4,1085.98,2006600
2018-11-01,NFLX,304.59,317.38,15121500
2018-11-02,FB,151.8,150.35,24708700
2018-11-02,GOOGL,1089.0,1071.49,2171900
2018-11-02,NFLX,318.0,309.1,13404600
2018-11-05,FB,150.1,148.68,15971200
2018-11-05,GOOGL,1072.53,1055.73,2267900
2018-11-05,NFLX,311.1,315.44,10283000
2018-11-06,FB,149.31,149.94,16667100
2018-11-06,GOOGL,1055.02,1069.57,1433000
2018-11-06,NFLX,314.76,310.84,9710400
2018-11-07,FB,151.57,151.53,21877400
2018-11-07,GOOGL,1083.49,1108.24,2169400
2018-11-07,NFLX,312.9,327.5,13328300
2018-11-08,FB,150.49,147.87,24145800
2018-11-08,GOOGL,1107.3,1094.63,1684700
2018-11-08,NFLX,328.0,317.92,11023900
2018-11-09,FB,146.75,144.96,17326900
2018-11-09,GOOGL,1084.02,1077.02,1743000
2018-11-09,NFLX,311.07,303.47,13480800
2018-11-12,FB,144.48,141.55,18542100
2018-11-12,GOOGL,1073.13,1049.36,1700100
2018-11-12,NFLX,300.0,294.07,10924800
2018-11-13,FB,142.0,142.16,15141700
2018-11-13,GOOGL,1054.81,1047.97,1287500
2018-11-13,NFLX,295.0,294.4,12232200
2018-11-14,FB,143.7,144.22,22068400
2018-11-14,GOOGL,1060.0,1054.58,1733300
2018-11-14,NFLX,300.4,286.73,16853600
2018-11-15,FB,142.33,143.85,30320300
2018-11-15,GOOGL,1051.46,1071.05,2079200
2018-11-15,NFLX,285.51,290.06,9967100
2018-11-16,FB,141.07,139.53,37250600
2018-11-16,GOOGL,1065.23,1068.27,1768300
2018-11-16,NFLX,287.14,286.21,9099500
2018-11-19,FB,137.61,131.55,44362700
2018-11-19,GOOGL,1063.39,1027.42,2284200
2018-11-19,NFLX,283.79,270.6,12993800
2018-11-20,FB,127.03,132.43,41939500
2018-11-20,GOOGL,1007.29,1030.45,2722900
2018-11-20,NFLX,254.63,266.98,16693800
2018-11-21,FB,134.4,134.82,25469700
2018-11-21,GOOGL,1045.31,1043.43,1484900
2018-11-21,NFLX,274.42,262.13,11023000
2018-11-23,FB,133.65,131.73,11886100
2018-11-23,GOOGL,1033.5,1030.1,708900
2018-11-23,NFLX,260.11,258.82,5245100
2018-11-26,FB,133.0,136.38,24263600
2018-11-26,GOOGL,1044.0,1055.94,1577900
2018-11-26,NFLX,260.55,261.43,12498600
2018-11-27,FB,135.75,135.0,20750300
2018-11-27,GOOGL,1051.34,1052.28,1652400
2018-11-27,NFLX,259.24,266.63,11149500
2018-11-28,FB,136.28,136.76,29847500
2018-11-28,GOOGL,1057.46,1091.79,2302100
2018-11-28,NFLX,271.98,282.65,14801300
2018-11-29,FB,135.92,138.68,24238700
2018-11-29,GOOGL,1083.53,1094.58,1550200
2018-11-29,NFLX,282.32,288.75,15431500
2018-11-30,FB,138.26,140.61,25732600
2018-11-30,GOOGL,1095.63,1109.65,2983400
2018-11-30,NFLX,288.0,286.13,11860100
2018-12-03,FB,143.0,141.09,24819200
2018-12-03,GOOGL,1132.16,1116.36,2876600
2018-12-03,NFLX,293.19,290.3,14117400
2018-12-04,FB,140.73,137.93,30307400
2018-12-04,GOOGL,1112.99,1062.47,2281500
2018-12-04,NFLX,288.13,275.33,12800600
2018-12-06,FB,133.82,139.63,28218100
2018-12-06,GOOGL,1045.0,1078.08,2371800
2018-12-06,NFLX,268.33,282.88,13074300
2018-12-07,FB,139.25,137.42,21195500
2018-12-07,GOOGL,1072.23,1046.58,2134100
2018-12-07,NFLX,282.48,265.14,12466700
2018-12-10,FB,139.6,141.85,26422200
2018-12-10,GOOGL,1042.94,1053.18,1682600
2018-12-10,NFLX,264.19,269.7,9605600
2018-12-11,FB,143.88,142.08,20300300
2018-12-11,GOOGL,1066.94,1061.65,1692600
2018-12-11,NFLX,274.08,265.32,9843200
2018-12-12,FB,143.08,144.5,23696900
2018-12-12,GOOGL,1077.08,1073.73,1448000
2018-12-12,NFLX,267.66,274.88,11456700
2018-12-13,FB,145.57,145.01,18148600
2018-12-13,GOOGL,1075.67,1073.54,1249300
2018-12-13,NFLX,277.64,276.02,8379300
2018-12-14,FB,143.34,144.06,21785800
2018-12-14,GOOGL,1060.02,1051.71,1817900
2018-12-14,NFLX,271.81,266.84,9915300
2018-12-17,FB,143.08,140.19,24334000
2018-12-17,GOOGL,1047.01,1025.65,2496600
2018-12-17,NFLX,266.51,262.8,9634700
2018-12-18,FB,141.08,143.66,24709100
2018-12-18,GOOGL,1034.0,1043.41,2182000
2018-12-18,NFLX,263.3,270.94,10350100
2018-12-19,FB,141.21,133.24,57404900
2018-12-19,GOOGL,1047.29,1035.46,2913200
2018-12-19,NFLX,269.96,266.77,13788400
2018-12-20,FB,130.7,133.4,40297900
2018-12-20,GOOGL,1026.0,1023.58,2683700
2018-12-20,NFLX,264.64,260.58,16792900
2018-12-21,FB,133.39,124.95,56901500
2018-12-21,GOOGL,1032.04,991.25,5232800
2018-12-21,NFLX,263.83,246.39,21397600
2018-12-24,FB,123.1,124.06,22066000
2018-12-24,GOOGL,984.32,984.67,1818000
2018-12-24,NFLX,242.0,233.88,9547600
2018-12-26,FB,126.0,134.18,39723400
2018-12-26,GOOGL,997.99,1047.85,2315900
2018-12-26,NFLX,233.92,253.67,14402700
2018-12-27,FB,132.44,134.52,31202500
2018-12-27,GOOGL,1026.2,1052.9,2299800
2018-12-27,NFLX,250.11,255.57,12235200
2018-12-28,FB,135.34,133.2,22627600
2018-12-28,GOOGL,1059.5,1046.68,1719900
2018-12-28,NFLX,257.94,256.08,10992800
2018-12-31,FB,134.45,131.09,24625300
2018-12-31,GOOGL,1057.83,1044.96,1655500
2018-12-31,NFLX,260.16,267.66,13508900
2019-01-02,FB,128.99,135.68,28146200
2019-01-02,GOOGL,1027.2,1054.68,1593400
2019-01-02,NFLX,259.28,267.66,11679500
2019-01-03,FB,134.69,131.74,22717900
2019-01-03,GOOGL,1050.67,1025.47,2098000
2019-01-03,NFLX,270.2,271.2,14969600
2019-01-04,FB,134.01,137.95,29002100
2019-01-04,GOOGL,1042.56,1078.07,2301100
2019-01-04,NFLX,281.88,297.57,19330100
2019-01-07,FB,137.56,138.05,20089300
2019-01-07,GOOGL,1080.97,1075.92,2372300
2019-01-07,NFLX,302.1,315.34,18620100
2019-01-08,FB,139.89,142.53,26263800
2019-01-08,GOOGL,1086.0,1085.37,1770700
2019-01-08,NFLX,319.98,320.27,15359200
2019-01-09,FB,142.95,144.23,22205900
2019-01-09,GOOGL,1087.99,1081.65,1349900
2019-01-09,NFLX,317.71,319.96,13343200
2019-01-10,FB,143.08,144.2,16125000
2019-01-10,GOOGL,1074.94,1078.83,1329900
2019-01-10,NFLX,314.57,324.66,13472500
2019-01-11,FB,143.15,143.8,12908000
2019-01-11,GOOGL,1069.9,1064.47,1543200
2019-01-11,NFLX,330.96,337.59,19500400
2019-01-14,FB,142.0,145.39,20520300
2019-01-14,GOOGL,1053.34,1051.51,1424500
2019-01-14,NFLX,334.24,332.94,10499600
2019-01-15,FB,146.01,148.95,24069000
2019-01-15,GOOGL,1058.01,1086.51,1875900
2019-01-15,NFLX,349.6,354.64,21181200
2019-01-16,FB,149.0,147.54,18025700
2019-01-16,GOOGL,1090.0,1089.51,1914000
2019-01-16,NFLX,354.0,351.39,15385500
2019-01-17,FB,146.95,148.3,15787900
2019-01-17,GOOGL,1087.99,1099.12,1244800
2019-01-17,NFLX,349.5,353.19,18871200
2019-01-18,FB,149.75,150.04,31029600
2019-01-18,GOOGL,1108.59,1107.3,2244600
2019-01-18,NFLX,351.97,339.1,26621000
2019-01-22,FB,149.2,147.57,22378700
2019-01-22,GOOGL,1096.0,1078.63,1981600
2019-01-22,NFLX,334.89,325.16,17941400
2019-01-23,FB,148.28,144.3,20098400
2019-01-23,GOOGL,1086.86,1084.41,1259700
2019-01-23,NFLX,328.25,321.99,13480100
2019-01-24,FB,144.64,145.83,20955500
2019-01-24,GOOGL,1082.51,1084.0,1455700
2019-01-24,NFLX,320.6,326.67,11131600
2019-01-25,FB,147.48,149.01,22237200
2019-01-25,GOOGL,1094.23,1101.51,1163000
2019-01-25,NFLX,328.72,338.05,11152900
2019-01-28,FB,148.05,147.47,15508500
2019-01-28,GOOGL,1090.07,1079.86,1466700
2019-01-28,NFLX,334.7,335.66,8652100
2019-01-29,FB,148.09,144.19,17632100
2019-01-29,GOOGL,1081.04,1070.06,985200
2019-01-29,NFLX,335.87,328.9,7655200
2019-01-30,FB,146.22,150.42,44613200
2019-01-30,GOOGL,1077.36,1097.99,1472600
2019-01-30,NFLX,332.75,340.66,9234500
2019-01-31,FB,165.6,166.69,77233600
2019-01-31,GOOGL,1112.24,1125.89,2011600
2019-01-31,NFLX,339.68,339.5,8535500
2019-02-01,FB,165.84,165.71,30806500
2019-02-01,GOOGL,1122.29,1118.62,1655800
2019-02-01,NFLX,337.18,339.85,9827800
2019-02-04,FB,165.7,169.25,20036000
2019-02-04,GOOGL,1119.01,1141.42,3920400
2019-02-04,NFLX,342.6,351.34,9051400
2019-02-05,FB,169.15,171.16,22557000
2019-02-05,GOOGL,1129.63,1151.87,4114800
2019-02-05,NFLX,353.2,355.81,9046600
2019-02-06,FB,171.2,170.49,13281200
2019-02-06,GOOGL,1149.27,1122.89,2412800
2019-02-06,NFLX,357.0,352.19,6717700
2019-02-07,FB,168.2,166.38,17517600
2019-02-07,GOOGL,1111.82,1105.91,1914900
2019-02-07,NFLX,347.9,344.71,7864500
2019-02-08,FB,164.47,167.33,12561400
2019-02-08,GOOGL,1094.88,1102.38,1088300
2019-02-08,NFLX,338.0,347.57,7561400
2019-02-11,FB,167.9,165.79,12811200
2019-02-11,GOOGL,1103.75,1102.12,924900
2019-02-11,NFLX,350.0,345.73,5454900
2019-02-12,FB,166.86,165.04,16292300
2019-02-12,GOOGL,1111.01,1127.58,1751800
2019-02-12,NFLX,348.09,359.97,10429400
2019-02-13,FB,165.38,164.07,14205100
2019-02-13,GOOGL,1133.04,1128.63,1402100
2019-02-13,NFLX,357.3,351.77,10559100
2019-02-14,FB,163.19,163.95,12755200
2019-02-14,GOOGL,1125.0,1129.2,1055300
2019-02-14,NFLX,351.75,359.07,9295300
2019-02-15,FB,164.51,162.5,15504400
2019-02-15,GOOGL,1139.3,1119.63,1391300
2019-02-15,NFLX,358.47,356.87,9230000
2019-02-19,FB,160.5,162.29,14345400
2019-02-19,GOOGL,1116.64,1126.51,1099000
2019-02-19,NFLX,355.8,361.92,7396600
2019-02-20,FB,162.25,162.56,11770700
2019-02-20,GOOGL,1128.88,1120.59,1204500
2019-02-20,NFLX,364.85,359.91,8110700
2019-02-21,FB,161.93,160.04,15607800
2019-02-21,GOOGL,1118.78,1104.21,1663600
2019-02-21,NFLX,360.03,356.97,6227900
2019-02-22,FB,160.58,161.89,15858500
2019-02-22,GOOGL,1109.7,1116.56,1471800
2019-02-22,NFLX,360.34,363.02,7088200
2019-02-25,FB,163.07,164.62,18737100
2019-02-25,GOOGL,1121.93,1117.33,1310400
2019-02-25,NFLX,367.01,363.91,7569300
2019-02-26,FB,164.34,164.13,13784100
2019-02-26,GOOGL,1114.37,1122.01,1751300
2019-02-26,NFLX,362.98,364.97,4944600
2019-02-27,FB,162.9,162.81,12697500
2019-02-27,GOOGL,1114.01,1122.89,1104600
2019-02-27,NFLX,363.5,362.87,5629900
2019-02-28,FB,162.37,161.45,11114200
2019-02-28,GOOGL,1119.0,1126.55,1371100
2019-02-28,NFLX,362.47,358.1,6186800
2019-03-01,FB,162.6,162.28,11097800
2019-03-01,GOOGL,1131.0,1148.52,1704300
2019-03-01,NFLX,362.26,357.32,5526500
2019-03-04,FB,163.9,167.37,18894700
2019-03-04,GOOGL,1154.56,1153.42,1774500
2019-03-04,NFLX,359.72,351.04,7487000
2019-03-05,FB,167.37,171.26,28187900
2019-03-05,GOOGL,1156.0,1169.19,2004700
2019-03-05,NFLX,351.46,354.3,5937800
2019-03-06,FB,172.9,172.51,21531700
2019-03-06,GOOGL,1171.76,1164.94,1180100
2019-03-06,NFLX,353.6,359.61,6211900
2019-03-07,FB,171.5,169.13,18306500
2019-03-07,GOOGL,1160.5,1150.85,1504300
2019-03-07,NFLX,360.16,352.6,6151300
2019-03-08,FB,166.2,169.6,13184800
2019-03-08,GOOGL,1133.9,1149.97,1184700
2019-03-08,NFLX,345.75,349.6,6898800
2019-03-11,FB,171.6,172.07,18884000
2019-03-11,GOOGL,1152.0,1179.26,1501600
2019-03-11,NFLX,352.0,358.86,5387300
2019-03-12,FB,172.09,171.92,12155300
2019-03-12,GOOGL,1182.3,1197.25,2111000
2019-03-12,NFLX,359.37,356.27,5164600
2019-03-13,FB,172.32,173.37,11973300
2019-03-13,GOOGL,1205.93,1199.06,1294400
2019-03-13,NFLX,355.81,361.21,6444100
2019-03-14,FB,169.76,170.17,18037400
2019-03-14,GOOGL,1199.02,1192.53,1365100
2019-03-14,NFLX,360.5,358.82,5271400
2019-03-15,FB,167.16,165.98,37135400
2019-03-15,GOOGL,1198.0,1190.3,2594300
2019-03-15,NFLX,361.02,361.46,8444500
2019-03-18,FB,163.57,160.47,37524200
2019-03-18,GOOGL,1189.69,1188.55,1222100
2019-03-18,NFLX,362.47,363.44,7194700
2019-03-19,FB,161.48,161.57,25611500
2019-03-19,GOOGL,1191.72,1202.46,1489400
2019-03-19,NFLX,366.4,358.78,7541400
2019-03-20,FB,161.5,165.44,20211500
2019-03-20,GOOGL,1201.4,1226.43,2075400
2019-03-20,NFLX,358.91,375.22,10917200
2019-03-21,FB,164.89,166.08,16223000
2019-03-21,GOOGL,1220.0,1236.13,1407500
2019-03-21,NFLX,374.0,377.87,8544000
2019-03-22,FB,165.65,164.34,16389200
2019-03-22,GOOGL,1228.85,1207.65,1721100
2019-03-22,NFLX,375.95,361.01,8661300
2019-03-25,FB,163.0,166.29,12631200
2019-03-25,GOOGL,1199.56,1197.38,1378800
2019-03-25,NFLX,359.0,366.23,8473800
2019-03-26,FB,167.35,167.68,15437900
2019-03-26,GOOGL,1205.19,1189.84,1537600
2019-03-26,NFLX,367.87,359.97,7666500
2019-03-27,FB,167.85,165.87,10620300
2019-03-27,GOOGL,1191.92,1178.01,1471400
2019-03-27,NFLX,361.0,353.37,7852400
2019-03-28,FB,164.57,165.55,10443000
2019-03-28,GOOGL,1175.5,1172.27,1120100
2019-03-28,NFLX,354.49,354.61,4361000
2019-03-29,FB,166.39,166.69,13455500
2019-03-29,GOOGL,1180.18,1176.89,1544500
2019-03-29,NFLX,357.16,356.56,4705600
2019-04-01,FB,167.83,168.7,10381500
2019-04-01,GOOGL,1187.54,1198.98,1385300
2019-04-01,NFLX,359.0,366.96,7036100
2019-04-02,FB,170.14,174.2,23946500
2019-04-02,GOOGL,1200.05,1205.54,914400
2019-04-02,NFLX,366.25,367.72,5158700
2019-04-03,FB,174.5,173.54,27391100
2019-04-03,GOOGL,1212.7,1210.81,1109000
2019-04-03,NFLX,369.26,369.75,5368900
2019-04-04,FB,176.02,176.02,17847700
2019-04-04,GOOGL,1211.29,1219.45,1051100
2019-04-04,NFLX,370.07,367.88,4627300
2019-04-05,FB,176.88,175.72,9594100
2019-04-05,GOOGL,1219.3,1211.45,1000600
2019-04-05,NFLX,369.0,365.49,3905500
2019-04-08,FB,175.21,174.93,7297400
2019-04-08,GOOGL,1211.11,1208.28,1087500
2019-04-08,NFLX,365.11,361.41,4653800
2019-04-09,FB,175.62,177.58,19751000
2019-04-09,GOOGL,1201.89,1202.69,983400
2019-04-09,NFLX,360.54,364.71,5439200
2019-04-10,FB,178.18,177.82,11701500
2019-04-10,GOOGL,1205.09,1206.45,775500
2019-04-10,NFLX,365.79,363.92,4545600
2019-04-11,FB,178.24,177.51,8071000
2019-04-11,GOOGL,1208.9,1209.59,849900
2019-04-11,NFLX,365.0,367.65,6526900
2019-04-12,FB,178.0,179.1,12329800
2019-04-12,GOOGL,1215.62,1222.73,1215600
2019-04-12,NFLX,360.69,351.14,15646200
2019-04-15,FB,178.5,179.65,10834800
2019-04-15,GOOGL,1224.09,1226.53,1189800
2019-04-15,NFLX,350.71,348.87,8842300
2019-04-16,FB,179.0,178.87,11215200
2019-04-16,GOOGL,1230.0,1231.91,1131100
2019-04-16,NFLX,355.0,359.46,18740200
2019-04-17,FB,179.6,178.78,9973700
2019-04-17,GOOGL,1237.0,1240.14,1518300
2019-04-17,NFLX,365.05,354.74,18054100
2019-04-18,FB,178.8,178.28,11655600
2019-04-18,GOOGL,1245.0,1241.47,1237500
2019-04-18,NFLX,355.0,360.35,8353200
2019-04-22,FB,178.25,181.44,13389900
2019-04-22,GOOGL,1236.67,1253.76,954200
2019-04-22,NFLX,359.7,377.34,11980500
2019-04-23,FB,182.74,183.78,19954800
2019-04-23,GOOGL,1256.64,1270.59,1593400
2019-04-23,NFLX,375.45,381.89,10089800
2019-04-24,FB,184.49,182.58,37289900
2019-04-24,GOOGL,1270.59,1260.05,1169800
2019-04-24,NFLX,381.07,374.23,6541900
2019-04-25,FB,196.98,193.26,54148800
2019-04-25,GOOGL,1270.3,1267.34,1567200
2019-04-25,NFLX,374.49,368.33,6255500
2019-04-26,FB,192.5,191.49,22075000
2019-04-26,GOOGL,1273.38,1277.42,1361400
2019-04-26,NFLX,368.35,374.85,5621900
2019-04-29,FB,190.95,194.78,19641300
2019-04-29,GOOGL,1280.51,1296.2,3618400
2019-04-29,NFLX,373.68,371.83,3821700
2019-04-30,FB,194.19,193.4,23494700
2019-04-30,GOOGL,1190.63,1198.96,6658900
2019-04-30,NFLX,369.56,370.54,3870100
2019-05-01,FB,194.78,193.03,15996600
2019-05-01,GOOGL,1197.5,1173.32,3717000
2019-05-01,NFLX,374.0,378.81,9257300
2019-05-02,FB,193.0,192.53,13209500
2019-05-02,GOOGL,1172.6,1166.51,2254900
2019-05-02,NFLX,378.0,379.06,5398200
2019-05-03,FB,194.38,195.47,14575400
2019-05-03,GOOGL,1177.41,1189.55,2079400
2019-05-03,NFLX,381.53,385.03,5130300
2019-05-06,FB,191.24,193.88,13994900
2019-05-06,GOOGL,1172.0,1193.46,1588700
2019-05-06,NFLX,377.69,378.67,5793100
2019-05-07,FB,192.54,189.77,16253000
2019-05-07,GOOGL,1185.81,1178.86,1830200
2019-05-07,NFLX,377.0,370.46,6974900
2019-05-08,FB,189.39,189.54,12505700
2019-05-08,GOOGL,1177.29,1170.78,1276000
2019-05-08,NFLX,367.92,364.37,6572000
2019-05-09,FB,187.2,188.65,12967000
2019-05-09,GOOGL,1162.6,1167.97,1477800
2019-05-09,NFLX,360.9,362.75,5882600
2019-05-10,FB,188.25,188.34,12578500
2019-05-10,GOOGL,1168.84,1167.64,1582500
2019-05-10,NFLX,361.62,361.04,5657100
2019-05-13,FB,183.5,181.54,16833300
2019-05-13,GOOGL,1145.24,1136.59,2281300
2019-05-13,NFLX,352.29,345.26,8026700
2019-05-14,FB,182.52,180.73,17628100
2019-05-14,GOOGL,1142.32,1124.86,2019600
2019-05-14,NFLX,348.71,345.61,5353000
2019-05-15,FB,180.42,186.27,16746900
2019-05-15,GOOGL,1122.55,1170.8,2965100
2019-05-15,NFLX,343.34,354.99,6340100
2019-05-16,FB,185.05,186.99,12953100
2019-05-16,GOOGL,1171.84,1184.5,1765400
2019-05-16,NFLX,356.37,359.31,6441500
2019-05-17,FB,184.84,185.3,10485400
2019-05-17,GOOGL,1175.83,1168.78,1268100
2019-05-17,NFLX,356.39,354.45,4725400
2019-05-20,FB,181.88,182.72,10352000
2019-05-20,GOOGL,1153.0,1144.66,1530100
2019-05-20,NFLX,351.23,348.11,4621500
2019-05-21,FB,184.57,184.82,7502800
2019-05-21,GOOGL,1154.48,1154.44,1028100
2019-05-21,NFLX,350.95,354.27,4026400
2019-05-22,FB,184.73,185.32,9213800
2019-05-22,GOOGL,1151.25,1155.85,941300
2019-05-22,NFLX,358.01,359.73,6229400
2019-05-23,FB,182.42,180.87,12768800
2019-05-23,GOOGL,1146.07,1145.34,1260700
2019-05-23,NFLX,355.5,352.21,5630400
2019-05-24,FB,182.33,181.06,8807700
2019-05-24,GOOGL,1152.0,1138.61,927700
2019-05-24,NFLX,355.41,354.39,3831000
2019-05-28,FB,181.54,184.31,14843300
2019-05-28,GOOGL,1141.48,1139.56,1047400
2019-05-28,NFLX,354.39,355.06,4717100
2019-05-29,FB,183.5,182.19,12797700
2019-05-29,GOOGL,1132.7,1119.94,1811500
2019-05-29,NFLX,353.6,349.19,5658900
2019-05-30,FB,183.08,183.01,8581500
2019-05-30,GOOGL,1120.15,1121.41,904400
2019-05-30,NFLX,350.55,351.85,4008000
2019-05-31,FB,180.28,177.47,15226500
2019-05-31,GOOGL,1105.64,1106.5,1579100
2019-05-31,NFLX,347.22,343.28,5023400
2019-06-03,FB,175.0,164.15,56059600
2019-06-03,GOOGL,1066.93,1038.74,4844500
2019-06-03,NFLX,343.56,336.63,7849600
2019-06-04,FB,163.71,167.5,46044300
2019-06-04,GOOGL,1044.49,1054.49,3025600
2019-06-04,NFLX,345.0,353.4,7891600
2019-06-05,FB,167.48,168.17,19758300
2019-06-05,GOOGL,1055.0,1044.64,2349400
2019-06-05,NFLX,354.38,355.73,5020100
2019-06-06,FB,168.3,168.33,12446400
2019-06-06,GOOGL,1046.21,1047.76,1451000
2019-06-06,NFLX,354.84,357.13,3710000
2019-06-07,FB,170.17,173.35,16917300
2019-06-07,GOOGL,1054.28,1068.37,2191400
2019-06-07,NFLX,357.39,360.87,4777300
2019-06-10,FB,174.75,174.82,14767900
2019-06-10,GOOGL,1077.0,1082.76,1425500
2019-06-10,NFLX,363.65,352.01,7810300
2019-06-11,FB,178.48,178.1,15266600
2019-06-11,GOOGL,1096.99,1081.04,1675400
2019-06-11,NFLX,355.0,351.27,5396700
2019-06-12,FB,178.38,175.04,17699800
2019-06-12,GOOGL,1079.95,1079.1,1183500
2019-06-12,NFLX,351.82,345.56,4584700
2019-06-13,FB,175.53,177.47,12253600
2019-06-13,GOOGL,1084.71,1091.01,1040700
2019-06-13,NFLX,347.23,343.43,6209300
2019-06-14,FB,180.51,181.33,16773700
2019-06-14,GOOGL,1089.74,1086.3,1229100
2019-06-14,NFLX,341.63,339.73,5019000
2019-06-17,FB,185.01,189.01,29459900
2019-06-17,GOOGL,1089.1,1093.89,988500
2019-06-17,NFLX,342.69,350.62,5358200
2019-06-18,FB,194.0,188.47,37571400
2019-06-18,GOOGL,1111.5,1105.24,1726300
2019-06-18,NFLX,355.57,357.12,5428500
2019-06-19,FB,187.0,187.48,21417100
2019-06-19,GOOGL,1107.24,1104.51,1335700
2019-06-19,NFLX,361.72,363.52,5667200
2019-06-20,FB,190.95,189.53,14635700
2019-06-20,GOOGL,1121.7,1113.2,1200900
2019-06-20,NFLX,365.91,365.21,5899500
2019-06-21,FB,188.75,191.14,22751200
2019-06-21,GOOGL,1109.86,1125.37,2538700
2019-06-21,NFLX,365.0,369.21,7448400
2019-06-24,FB,192.42,192.6,15509000
2019-06-24,GOOGL,1120.0,1116.7,1211800
2019-06-24,NFLX,370.27,371.04,4830200
2019-06-25,FB,192.88,188.84,16750300
2019-06-25,GOOGL,1115.08,1087.58,1582200
2019-06-25,NFLX,370.75,360.3,5750400
2019-06-26,FB,189.54,187.66,12808600
2019-06-26,GOOGL,1091.0,1080.32,1734900
2019-06-26,NFLX,361.6,362.2,3669700
2019-06-27,FB,189.88,189.5,11159000
2019-06-27,GOOGL,1086.75,1076.63,1203900
2019-06-27,NFLX,363.2,370.02,4138600
2019-06-28,FB,190.55,193.0,16378900
2019-06-28,GOOGL,1077.23,1082.8,1683600
2019-06-28,NFLX,370.26,367.32,4592700
2019-07-01,FB,195.21,193.0,14181800
2019-07-01,GOOGL,1101.04,1100.0,1459800
2019-07-01,NFLX,373.5,374.6,4992600
2019-07-02,FB,193.0,195.0,9050000
2019-07-02,GOOGL,1104.83,1112.6,1031500
2019-07-02,NFLX,374.89,375.43,3625000
2019-07-03,FB,194.16,197.2,10246100
2019-07-03,GOOGL,1118.5,1122.99,1007700
2019-07-03,NFLX,376.69,381.72,3799000
2019-07-05,FB,196.18,196.4,11164100
2019-07-05,GOOGL,1119.37,1132.67,1489700
2019-07-05,NFLX,378.29,380.55,3732200
2019-07-08,FB,195.19,195.76,9723900
2019-07-08,GOOGL,1125.87,1116.79,1494400
2019-07-08,NFLX,378.19,376.16,3113400
2019-07-09,FB,194.97,199.21,14698600
2019-07-09,GOOGL,1110.32,1124.29,1473600
2019-07-09,NFLX,379.06,379.93,6932800
2019-07-10,FB,200.0,202.73,20571700
2019-07-10,GOOGL,1132.32,1140.91,1535500
2019-07-10,NFLX,382.77,381.0,5878800
2019-07-11,FB,203.26,201.23,13678500
2019-07-11,GOOGL,1146.16,1144.08,1300200
2019-07-11,NFLX,381.1,379.5,4336300
2019-07-12,FB,199.68,204.87,15366300
2019-07-12,GOOGL,1142.93,1145.34,1093900
2019-07-12,NFLX,378.68,373.25,6636900
2019-07-15,FB,204.25,203.91,16030300
2019-07-15,GOOGL,1145.34,1150.51,1058200
2019-07-15,NFLX,372.94,366.6,7944700
2019-07-16,FB,203.89,203.84,12132700
2019-07-16,GOOGL,1146.73,1153.46,1267600
2019-07-16,NFLX,370.09,365.99,5863200
2019-07-17,FB,204.18,201.8,12083700
2019-07-17,GOOGL,1150.92,1146.74,976900
2019-07-17,NFLX,366.25,362.44,13639500
2019-07-18,FB,200.15,200.78,11937900
2019-07-18,GOOGL,1142.0,1147.24,1272500
2019-07-18,NFLX,323.76,325.21,31287100
2019-07-19,FB,202.18,198.36,12098300
2019-07-19,GOOGL,1149.32,1131.55,1159200
2019-07-19,NFLX,323.4,315.1,16302500
2019-07-22,FB,199.91,202.32,13589000
2019-07-22,GOOGL,1135.47,1139.21,1445700
2019-07-22,NFLX,312.0,310.62,17718000
2019-07-23,FB,202.84,202.36,14583700
2019-07-23,GOOGL,1143.45,1148.05,1032400
2019-07-23,NFLX,311.44,307.3,9171100
2019-07-24,FB,197.63,204.66,32532500
2019-07-24,GOOGL,1132.62,1139.73,1359600
2019-07-24,NFLX,310.51,317.94,11961800
2019-07-25,FB,206.7,200.71,39889900
2019-07-25,GOOGL,1138.95,1135.94,2738100
2019-07-25,NFLX,318.86,326.46,10798500
2019-07-26,FB,200.19,199.75,24434000
2019-07-26,GOOGL,1228.0,1245.22,6060800
2019-07-26,NFLX,328.79,335.78,10847500
2019-07-29,FB,199.0,195.94,16530800
2019-07-29,GOOGL,1242.5,1241.84,2069100
2019-07-29,NFLX,335.98,332.7,5782800
2019-07-30,FB,195.39,197.04,11903600
2019-07-30,GOOGL,1227.0,1228.0,1430800
2019-07-30,NFLX,329.2,325.93,6029300
2019-07-31,FB,196.95,194.23,14593500
2019-07-31,GOOGL,1224.87,1218.2,1998000
2019-07-31,NFLX,325.16,322.99,6259500
2019-08-01,FB,194.17,192.73,17777000
2019-08-01,GOOGL,1217.63,1211.78,1771300
2019-08-01,NFLX,324.25,319.5,6563200
2019-08-02,FB,191.1,189.02,15297000
2019-08-02,GOOGL,1203.0,1196.32,1745500
2019-08-02,NFLX,317.49,318.83,6280300
2019-08-05,FB,184.69,181.73,23086700
2019-08-05,GOOGL,1172.97,1154.75,2392000
2019-08-05,NFLX,310.96,307.63,8692500
2019-08-06,FB,183.69,184.51,18035700
2019-08-06,GOOGL,1165.52,1171.08,1800700
2019-08-06,NFLX,310.58,310.1,6179100
2019-08-07,FB,183.6,185.15,15833200
2019-08-07,GOOGL,1157.8,1175.91,1534300
2019-08-07,NFLX,302.56,304.29,9322400
2019-08-08,FB,186.62,190.16,14828900
2019-08-08,GOOGL,1186.43,1206.19,1505800
2019-08-08,NFLX,311.03,315.9,5905900
2019-08-09,FB,190.0,187.85,11058800
2019-08-09,GOOGL,1199.99,1188.9,1020900
2019-08-09,NFLX,313.74,308.93,5349100
2019-08-12,FB,186.85,185.37,10930900
2019-08-12,GOOGL,1180.0,1174.5,1103200
2019-08-12,NFLX,305.46,310.83,6531700
2019-08-13,FB,185.52,188.45,13577000
2019-08-13,GOOGL,1174.35,1196.73,1421700
2019-08-13,NFLX,309.77,312.28,5289400
2019-08-14,FB,185.8,179.71,18903700
2019-08-14,GOOGL,1176.07,1164.25,1771500
2019-08-14,NFLX,308.01,299.11,7355800
2019-08-15,FB,180.95,182.59,12925900
2019-08-15,GOOGL,1168.43,1169.32,1425300
2019-08-15,NFLX,299.5,295.76,9629200
2019-08-16,FB,183.75,183.7,12654600
2019-08-16,GOOGL,1180.79,1179.21,1245800
2019-08-16,NFLX,298.86,302.8,6905800
2019-08-19,FB,186.01,186.17,9691200
2019-08-19,GOOGL,1191.83,1200.44,1222500
2019-08-19,NFLX,306.25,309.38,4942200
2019-08-20,FB,185.45,183.81,10083400
2019-08-20,GOOGL,1195.35,1183.53,1010300
2019-08-20,NFLX,304.57,298.99,7349900
2019-08-21,FB,185.0,183.55,8398200
2019-08-21,GOOGL,1195.82,1191.58,707600
2019-08-21,NFLX,301.61,297.81,5685400
2019-08-22,FB,183.43,182.04,10821400
2019-08-22,GOOGL,1193.8,1191.52,867600
2019-08-22,NFLX,298.65,296.93,4974200
2019-08-23,FB,180.84,177.75,17323400
2019-08-23,GOOGL,1185.17,1153.58,1812700
2019-08-23,NFLX,295.0,291.44,6324900
2019-08-26,FB,179.4,180.36,8773600
2019-08-26,GOOGL,1159.45,1171.18,1058300
2019-08-26,NFLX,295.24,294.98,4695700
2019-08-27,FB,181.93,181.3,14399600
2019-08-27,GOOGL,1183.0,1170.82,1173000
2019-08-27,NFLX,294.54,291.03,6309400
2019-08-28,FB,180.53,181.76,9386100
2019-08-28,GOOGL,1164.87,1173.75,840500
2019-08-28,NFLX,289.47,291.77,3955700
2019-08-29,FB,183.77,185.57,10128700
2019-08-29,GOOGL,1186.42,1194.24,981800
2019-08-29,NFLX,295.0,296.78,4388500
2019-08-30,FB,186.78,185.67,10774500
2019-08-30,GOOGL,1200.35,1190.53,903200
2019-08-30,NFLX,298.78,293.75,4446400
2019-09-03,FB,184.0,182.39,9779400
2019-09-03,GOOGL,1181.85,1169.55,1295400
2019-09-03,NFLX,290.82,289.29,3682800
2019-09-04,FB,184.65,187.14,11308000
2019-09-04,GOOGL,1179.45,1182.27,1065600
2019-09-04,NFLX,291.25,291.52,4652500
2019-09-05,FB,188.53,190.9,13876700
2019-09-05,GOOGL,1193.66,1212.19,1319700
2019-09-05,NFLX,285.32,293.25,8966800
2019-09-06,FB,190.21,187.49,15226800
2019-09-06,GOOGL,1209.14,1206.32,948600
2019-09-06,NFLX,293.35,290.17,5166600
2019-09-09,FB,187.73,188.76,14722400
2019-09-09,GOOGL,1207.08,1205.27,1592700
2019-09-09,NFLX,294.81,294.34,8232700
2019-09-10,FB,187.44,186.17,15455900
2019-09-10,GOOGL,1196.09,1205.7,1396100
2019-09-10,NFLX,291.16,287.99,12320200
2019-09-11,FB,186.46,188.49,11761700
2019-09-11,GOOGL,1203.89,1220.0,1176100
2019-09-11,NFLX,285.7,288.27,7405900
2019-09-12,FB,189.86,187.47,11419800
2019-09-12,GOOGL,1223.47,1234.97,1582200
2019-09-12,NFLX,288.1,288.86,5010900
2019-09-13,FB,187.33,187.19,11441100
2019-09-13,GOOGL,1232.11,1240.03,1183800
2019-09-13,NFLX,290.61,294.15,6583100
2019-09-16,FB,186.93,186.22,8444800
2019-09-16,GOOGL,1230.44,1231.63,1410900
2019-09-16,NFLX,294.23,294.29,5307400
2019-09-17,FB,186.66,188.08,9671100
2019-09-17,GOOGL,1231.63,1229.88,1040300
2019-09-17,NFLX,294.5,298.6,4777100
2019-09-18,FB,188.09,188.14,9681900
2019-09-18,GOOGL,1230.24,1232.65,872000
2019-09-18,NFLX,294.99,291.56,7811100
2019-09-19,FB,188.66,190.14,10392700
2019-09-19,GOOGL,1232.32,1238.75,827700
2019-09-19,NFLX,291.56,286.6,8461300
2019-09-20,FB,190.66,189.93,19934200
2019-09-20,GOOGL,1233.64,1229.84,1884600
2019-09-20,NFLX,280.26,270.75,23832800
2019-09-23,FB,189.34,186.82,13327600
2019-09-23,GOOGL,1226.57,1234.69,1039900
2019-09-23,NFLX,268.35,265.92,13478600
2019-09-24,FB,187.98,181.28,18546600
2019-09-24,GOOGL,1240.0,1218.33,1790200
2019-09-24,NFLX,262.5,254.59,16338200
2019-09-25,FB,181.45,182.8,18068300
2019-09-25,GOOGL,1216.01,1245.94,1339900
2019-09-25,NFLX,255.71,264.75,11643800
2019-09-26,FB,181.33,180.11,16083300
2019-09-26,GOOGL,1242.14,1242.29,1158300
2019-09-26,NFLX,266.42,263.31,7684000
2019-09-27,FB,180.49,177.1,14656200
2019-09-27,GOOGL,1242.83,1225.95,1706100
2019-09-27,NFLX,266.18,263.08,7328300
2019-09-30,FB,177.87,178.08,10740000
2019-09-30,GOOGL,1220.6,1221.14,1223500
2019-09-30,NFLX,264.0,267.62,6727200
2019-10-01,FB,179.15,175.81,17073000
2019-10-01,GOOGL,1222.49,1206.0,1225200
2019-10-01,NFLX,267.35,269.58,8650300
2019-10-02,FB,174.84,174.6,16151700
2019-10-02,GOOGL,1196.5,1177.92,1651500
2019-10-02,NFLX,263.61,268.03,7659100
2019-10-03,FB,175.57,179.38,16086300
2019-10-03,GOOGL,1183.34,1189.43,1418400
2019-10-03,NFLX,267.78,268.15,8951000
2019-10-04,FB,179.55,180.45,10430200
2019-10-04,GOOGL,1194.29,1210.96,1214100
2019-10-04,NFLX,268.2,272.79,9890400
2019-10-07,FB,180.0,179.68,9178300
2019-10-07,GOOGL,1207.0,1208.25,852000
2019-10-07,NFLX,271.99,274.46,6525600
2019-10-08,FB,178.26,177.75,9466900
2019-10-08,GOOGL,1198.77,1190.13,1004300
2019-10-08,NFLX,273.03,270.72,6276400
2019-10-09,FB,179.16,179.85,7556900
2019-10-09,GOOGL,1201.33,1202.4,797400
2019-10-09,NFLX,270.02,267.53,6794400
2019-10-10,FB,180.32,180.03,8605000
2019-10-10,GOOGL,1198.6,1209.47,642100
2019-10-10,NFLX,265.97,280.48,10809100
2019-10-11,FB,182.15,184.19,14930500
2019-10-11,GOOGL,1224.03,1215.71,1116500
2019-10-11,NFLX,284.8,282.93,8786100
2019-10-14,FB,184.2,183.28,7006000
2019-10-14,GOOGL,1213.89,1217.77,664800
2019-10-14,NFLX,283.93,285.53,5513200
2019-10-15,FB,183.8,188.89,15039100
2019-10-15,GOOGL,1221.5,1242.24,1379200
2019-10-15,NFLX,283.82,284.25,7685600
2019-10-16,FB,188.32,189.55,10516900
2019-10-16,GOOGL,1241.81,1243.0,1149300
2019-10-16,NFLX,283.12,286.28,16175900
2019-10-17,FB,190.3,190.39,9603000
